Author,uTime,Text
"July 9, 2020",
"July 5, 2020",
"February 17, 2020",
"February 17, 2020",
"January 27, 2020",
"January 15, 2020",
"January 11, 2020",
"January 2, 2020",
"January 1, 2020",
"December 19, 2019",
"November 21, 2019",
Enlarge,
"October 28, 2019",
"October 14, 2019",
"October 7, 2019",
"October 4, 2019",
"October 2, 2019",
"September 30, 2019",
"September 20, 2019",
"September 19, 2019",Feel the goodness and order a healthy homemade shrimp pasta if youre in Riverside city on Zesty www.feelzesty.com
"September 17, 2019","Tired of ordering takeaways from restaurants and too busy to cook at home Get delicious homemade lasagna cooked by licensed and vetted chefs for 8 in Riverside city Made from fresh organic ingredients and the best cheese, tomatoes and meat in town Available from September 15th only on Zesty Order on www.feelzesty.com See More"
"September 15, 2019",Experience the most authentic Spanish and Italian cuisines in Riverside city by indulging in exquisite homemade mediterranean meals made from the best organic ingredients on Zesty. www.feelzesty.com
"September 15, 2019","Zesty is not just a website or app where you can get the most delicious meals from or earn money cooking from the comfort of your home, its connecting people and bringing them closer. Zesty aims to push mankind forward by bringing people together through food, technology and most important of them all meaningful connections. Thats what brings meaning to life. Empowering everyone regardless of their gender, age and race to follow their passion and believe in their dreams  See More"
